id_subsistema,nom_subsistema,din_instante,val_cargaenergiamwmed
N,NORTE,2010-01-01,3395.35166667
NE,NORDESTE,2010-01-01,6660.99083333
S,SUL,2010-01-01,5893.17045027
SE,SUDESTE,2010-01-01,25055.56928905
N,NORTE,2010-01-02,3417.35621856
NE,NORDESTE,2010-01-02,6963.19041667
S,SUL,2010-01-02,6838.06662007
SE,SUDESTE,2010-01-02,27410.07788259
N,NORTE,2010-01-03,3392.91025860
NE,NORDESTE,2010-01-03,6786.11291667
S,SUL,2010-01-03,7005.38288731
SE,SUDESTE,2010-01-03,27476.17428820
N,NORTE,2010-01-04,3715.60685972
NE,NORDESTE,2010-01-04,7763.04625000
S,SUL,2010-01-04,9036.49137308
SE,SUDESTE,2010-01-04,33650.18831025
N,NORTE,2010-01-05,3759.32458333
NE,NORDESTE,2010-01-05,8061.96958333
S,SUL,2010-01-05,9519.26381084
SE,SUDESTE,2010-01-05,35220.20544047
N,NORTE,2010-01-06,3820.68424212
NE,NORDESTE,2010-01-06,8102.21458333
S,SUL,2010-01-06,9594.09740538
SE,SUDESTE,2010-01-06,35131.34136595
N,NORTE,2010-01-07,3823.92973218
NE,NORDESTE,2010-01-07,8264.22541667
S,SUL,2010-01-07,9391.50327737
SE,SUDESTE,2010-01-07,35342.48363885
N,NORTE,2010-01-08,3808.39625000
NE,NORDESTE,2010-01-08,8292.20541667
S,SUL,2010-01-08,9361.94542592
SE,SUDESTE,2010-01-08,35293.91580979
N,NORTE,2010-01-09,3619.41208333
NE,NORDESTE,2010-01-09,7766.02458333
S,SUL,2010-01-09,8369.81000024
SE,SUDESTE,2010-01-09,32460.81196980
N,NORTE,2010-01-10,3487.57000000
NE,NORDESTE,2010-01-10,7059.68875000
S,SUL,2010-01-10,7102.39979516
SE,SUDESTE,2010-01-10,29524.09235946
N,NORTE,2010-01-11,3784.30166667
NE,NORDESTE,2010-01-11,8005.72541667
S,SUL,2010-01-11,9487.71460361
SE,SUDESTE,2010-01-11,35272.66015382
N,NORTE,2010-01-12,3833.70541667
NE,NORDESTE,2010-01-12,8249.93041667
S,SUL,2010-01-12,9793.22857769
SE,SUDESTE,2010-01-12,36278.32384259
N,NORTE,2010-01-13,3857.50416667
NE,NORDESTE,2010-01-13,8372.49708333
S,SUL,2010-01-13,9541.58112192
SE,SUDESTE,2010-01-13,36375.42666667
N,NORTE,2010-01-14,3837.40625000
NE,NORDESTE,2010-01-14,8384.37083333
S,SUL,2010-01-14,9500.90409453
SE,SUDESTE,2010-01-14,36313.92185764
N,NORTE,2010-01-15,3856.40000000
NE,NORDESTE,2010-01-15,8382.77500000
S,SUL,2010-01-15,9535.14198535
SE,SUDESTE,2010-01-15,35334.87782407
N,NORTE,2010-01-16,3725.76750000
NE,NORDESTE,2010-01-16,8001.14375000
S,SUL,2010-01-16,8352.22787413
SE,SUDESTE,2010-01-16,32195.62590278
N,NORTE,2010-01-17,3554.48708333
NE,NORDESTE,2010-01-17,7226.19083333
S,SUL,2010-01-17,7098.44126387
SE,SUDESTE,2010-01-17,29295.34465437
N,NORTE,2010-01-18,3879.08666667
NE,NORDESTE,2010-01-18,8127.48875000
S,SUL,2010-01-18,9687.74782609
SE,SUDESTE,2010-01-18,35634.95710069
N,NORTE,2010-01-19,3884.79291667
NE,NORDESTE,2010-01-19,8328.11458333
S,SUL,2010-01-19,9968.05883329
SE,SUDESTE,2010-01-19,36334.42949035
N,NORTE,2010-01-20,3871.93666667
NE,NORDESTE,2010-01-20,8274.71708333
S,SUL,2010-01-20,9700.88420642
SE,SUDESTE,2010-01-20,35971.29942743
N,NORTE,2010-01-21,3830.54736728
NE,NORDESTE,2010-01-21,8407.97833333
S,SUL,2010-01-21,9423.10838818
SE,SUDESTE,2010-01-21,36449.97996302
N,NORTE,2010-01-22,3856.39625000
NE,NORDESTE,2010-01-22,8493.63875000
S,SUL,2010-01-22,9551.01843430
SE,SUDESTE,2010-01-22,35594.53309697
N,NORTE,2010-01-23,3685.03708333
NE,NORDESTE,2010-01-23,8014.51791667
S,SUL,2010-01-23,8391.92381136
SE,SUDESTE,2010-01-23,32441.22922594
N,NORTE,2010-01-24,3483.22583333
NE,NORDESTE,2010-01-24,7351.04916667
S,SUL,2010-01-24,7186.76697301
SE,SUDESTE,2010-01-24,29127.86378938
N,NORTE,2010-01-25,3728.48400923
NE,NORDESTE,2010-01-25,8343.09791667
S,SUL,2010-01-25,9616.09024514
SE,SUDESTE,2010-01-25,34002.57615159
N,NORTE,2010-01-26,3742.09955001
NE,NORDESTE,2010-01-26,8599.77791667
S,SUL,2010-01-26,9977.64214658
SE,SUDESTE,2010-01-26,35349.00813565
N,NORTE,2010-01-27,3754.80583333
NE,NORDESTE,2010-01-27,8557.62958333
S,SUL,2010-01-27,10038.30038097
SE,SUDESTE,2010-01-27,36019.25648768
N,NORTE,2010-01-28,3793.18633441
NE,NORDESTE,2010-01-28,8491.25083333
S,SUL,2010-01-28,9995.73461283
SE,SUDESTE,2010-01-28,36333.66364197
N,NORTE,2010-01-29,3749.14343561
NE,NORDESTE,2010-01-29,8431.91500000
S,SUL,2010-01-29,10077.91661451
SE,SUDESTE,2010-01-29,36349.46394385
N,NORTE,2010-01-30,3659.78698745
NE,NORDESTE,2010-01-30,7996.69375000
S,SUL,2010-01-30,8911.10556679
SE,SUDESTE,2010-01-30,33479.04894407
N,NORTE,2010-01-31,3513.63916667
NE,NORDESTE,2010-01-31,7360.36500000
S,SUL,2010-01-31,7726.97709175
SE,SUDESTE,2010-01-31,30097.62075372
N,NORTE,2010-02-01,3661.36583333
NE,NORDESTE,2010-02-01,8344.22666667
S,SUL,2010-02-01,10252.01291667
SE,SUDESTE,2010-02-01,36053.86333333
N,NORTE,2010-02-02,3690.68500000
NE,NORDESTE,2010-02-02,8550.41041667
S,SUL,2010-02-02,10555.68583333
SE,SUDESTE,2010-02-02,37182.66416667
N,NORTE,2010-02-03,3915.09791667
NE,NORDESTE,2010-02-03,8571.94041667
S,SUL,2010-02-03,11081.89000000
SE,SUDESTE,2010-02-03,37912.36083333
N,NORTE,2010-02-04,3994.64083333
NE,NORDESTE,2010-02-04,8582.46958333
S,SUL,2010-02-04,11170.80875000
SE,SUDESTE,2010-02-04,37983.85166667
N,NORTE,2010-02-05,4004.15791667
NE,NORDESTE,2010-02-05,8604.52541667
S,SUL,2010-02-05,11089.31187500
SE,SUDESTE,2010-02-05,38049.75791667
N,NORTE,2010-02-06,3880.30208333
NE,NORDESTE,2010-02-06,8297.99166667
S,SUL,2010-02-06,9618.45291667
SE,SUDESTE,2010-02-06,34835.84541667
N,NORTE,2010-02-07,3604.10916667
NE,NORDESTE,2010-02-07,7615.54208333
S,SUL,2010-02-07,8330.27500000
SE,SUDESTE,2010-02-07,31057.45791667
N,NORTE,2010-02-08,3919.02833333
NE,NORDESTE,2010-02-08,8498.03333333
S,SUL,2010-02-08,10411.37416667
SE,SUDESTE,2010-02-08,37110.92541667
N,NORTE,2010-02-09,3832.00666667
NE,NORDESTE,2010-02-09,8657.15291667
S,SUL,2010-02-09,10066.39750000
SE,SUDESTE,2010-02-09,37770.74083333
N,NORTE,2010-02-10,3781.15541667
NE,NORDESTE,2010-02-10,8405.09833333
S,SUL,2010-02-10,10242.62791667
SE,SUDESTE,2010-02-10,37077.84833333
N,NORTE,2010-02-11,3833.49041667
NE,NORDESTE,2010-02-11,8423.30500000
S,SUL,2010-02-11,10649.80791667
SE,SUDESTE,2010-02-11,36791.03000000
N,NORTE,2010-02-12,3776.73416667
NE,NORDESTE,2010-02-12,8366.16333333
S,SUL,2010-02-12,10573.74625000
SE,SUDESTE,2010-02-12,36927.71791667
N,NORTE,2010-02-13,3653.88583333
NE,NORDESTE,2010-02-13,7885.16375000
S,SUL,2010-02-13,9121.76958333
SE,SUDESTE,2010-02-13,33290.12375000
N,NORTE,2010-02-14,3478.77833333
NE,NORDESTE,2010-02-14,7210.08958333
S,SUL,2010-02-14,7434.45416667
SE,SUDESTE,2010-02-14,29777.37625000
N,NORTE,2010-02-15,3536.76041667
NE,NORDESTE,2010-02-15,7290.65541667
S,SUL,2010-02-15,8697.14583333
SE,SUDESTE,2010-02-15,31989.98875000
N,NORTE,2010-02-16,3545.49458333
NE,NORDESTE,2010-02-16,7369.47375000
S,SUL,2010-02-16,8481.34416667
SE,SUDESTE,2010-02-16,31969.44083333
N,NORTE,2010-02-17,3733.38458333
NE,NORDESTE,2010-02-17,8080.19791667
S,SUL,2010-02-17,9387.27583333
SE,SUDESTE,2010-02-17,35865.24375000
N,NORTE,2010-02-18,3902.22125000
NE,NORDESTE,2010-02-18,8663.69375000
S,SUL,2010-02-18,9759.24750000
SE,SUDESTE,2010-02-18,36891.23041667
N,NORTE,2010-02-19,3943.23458333
NE,NORDESTE,2010-02-19,8739.95500000
S,SUL,2010-02-19,10078.98208333
SE,SUDESTE,2010-02-19,36242.20333333
N,NORTE,2010-02-20,3825.05333333
NE,NORDESTE,2010-02-20,8253.43208333
S,SUL,2010-02-20,9168.74083333
SE,SUDESTE,2010-02-20,33496.99625000
N,NORTE,2010-02-21,3680.19125000
NE,NORDESTE,2010-02-21,7606.38833333
S,SUL,2010-02-21,7881.38583333
SE,SUDESTE,2010-02-21,30630.27916667
N,NORTE,2010-02-22,3871.54375000
NE,NORDESTE,2010-02-22,8693.08458333
S,SUL,2010-02-22,10297.49708333
SE,SUDESTE,2010-02-22,37455.88416667
N,NORTE,2010-02-23,3941.19708333
NE,NORDESTE,2010-02-23,8907.54833333
S,SUL,2010-02-23,10407.22958333
SE,SUDESTE,2010-02-23,38617.82125000
N,NORTE,2010-02-24,3999.17750000
NE,NORDESTE,2010-02-24,8875.66666667
S,SUL,2010-02-24,9986.27541667
SE,SUDESTE,2010-02-24,38843.28125000
N,NORTE,2010-02-25,3979.31416667
NE,NORDESTE,2010-02-25,8773.70291667
S,SUL,2010-02-25,9531.48708333
SE,SUDESTE,2010-02-25,37408.01708333
N,NORTE,2010-02-26,3991.92125000
NE,NORDESTE,2010-02-26,8760.37500000
S,SUL,2010-02-26,9511.22541667
SE,SUDESTE,2010-02-26,35545.33541667
N,NORTE,2010-02-27,3857.95708333
NE,NORDESTE,2010-02-27,8384.18125000
S,SUL,2010-02-27,8515.80958333
SE,SUDESTE,2010-02-27,32343.66875000
N,NORTE,2010-02-28,3756.59208333
NE,NORDESTE,2010-02-28,7689.22708333
S,SUL,2010-02-28,7235.60791667
SE,SUDESTE,2010-02-28,29104.76625000
N,NORTE,2010-03-01,3931.70625000
NE,NORDESTE,2010-03-01,8717.75250000
S,SUL,2010-03-01,9539.10041667
SE,SUDESTE,2010-03-01,33358.55875000
N,NORTE,2010-03-02,3958.78416667
NE,NORDESTE,2010-03-02,8953.92583333
S,SUL,2010-03-02,10033.55791667
SE,SUDESTE,2010-03-02,33527.44083333
N,NORTE,2010-03-03,3982.51250000
NE,NORDESTE,2010-03-03,8994.91166667
S,SUL,2010-03-03,10134.54625000
SE,SUDESTE,2010-03-03,34073.41166667
N,NORTE,2010-03-04,3982.17875000
NE,NORDESTE,2010-03-04,8984.47583333
S,SUL,2010-03-04,10283.23875000
SE,SUDESTE,2010-03-04,34719.41750000
N,NORTE,2010-03-05,3992.87958333
NE,NORDESTE,2010-03-05,8948.85541667
S,SUL,2010-03-05,10284.30333333
SE,SUDESTE,2010-03-05,35052.78791667
N,NORTE,2010-03-06,3898.63416667
NE,NORDESTE,2010-03-06,8302.38333333
S,SUL,2010-03-06,8631.75583333
SE,SUDESTE,2010-03-06,32078.13833333
N,NORTE,2010-03-07,3674.19083333
NE,NORDESTE,2010-03-07,7589.49666667
S,SUL,2010-03-07,7301.12125000
SE,SUDESTE,2010-03-07,28476.87625000
N,NORTE,2010-03-08,3971.93458333
NE,NORDESTE,2010-03-08,8737.50416667
S,SUL,2010-03-08,9662.28750000
SE,SUDESTE,2010-03-08,34697.07916667
N,NORTE,2010-03-09,4040.91666667
NE,NORDESTE,2010-03-09,8960.51458333
S,SUL,2010-03-09,10077.95541667
SE,SUDESTE,2010-03-09,36210.06750000
N,NORTE,2010-03-10,3987.95875000
NE,NORDESTE,2010-03-10,8983.35708333
S,SUL,2010-03-10,10314.69250000
SE,SUDESTE,2010-03-10,37227.34875000
N,NORTE,2010-03-11,3984.56208333
NE,NORDESTE,2010-03-11,9012.55750000
S,SUL,2010-03-11,10514.88333333
SE,SUDESTE,2010-03-11,37432.94666667
N,NORTE,2010-03-12,3995.53000000
NE,NORDESTE,2010-03-12,8889.09416667
S,SUL,2010-03-12,10435.26083333
SE,SUDESTE,2010-03-12,37780.93500000
N,NORTE,2010-03-13,3848.00875000
NE,NORDESTE,2010-03-13,8462.71500000
S,SUL,2010-03-13,9013.93750000
SE,SUDESTE,2010-03-13,34753.81791667
N,NORTE,2010-03-14,3703.26583333
NE,NORDESTE,2010-03-14,7824.29000000
S,SUL,2010-03-14,7269.95750000
SE,SUDESTE,2010-03-14,31153.47541667
N,NORTE,2010-03-15,3954.30916667
NE,NORDESTE,2010-03-15,8866.63625000
S,SUL,2010-03-15,9424.22375000
SE,SUDESTE,2010-03-15,36070.68791667
N,NORTE,2010-03-16,4013.61375000
NE,NORDESTE,2010-03-16,8954.03458333
S,SUL,2010-03-16,9801.25958333
SE,SUDESTE,2010-03-16,36432.21791667
N,NORTE,2010-03-17,3968.53541667
NE,NORDESTE,2010-03-17,9006.57041667
S,SUL,2010-03-17,9909.09208333
SE,SUDESTE,2010-03-17,35754.39875000
N,NORTE,2010-03-18,3972.65958333
NE,NORDESTE,2010-03-18,9074.83666667
S,SUL,2010-03-18,10178.77166667
SE,SUDESTE,2010-03-18,35686.41083333
N,NORTE,2010-03-19,3967.18458333
NE,NORDESTE,2010-03-19,8756.31833333
S,SUL,2010-03-19,10368.28666667
SE,SUDESTE,2010-03-19,36157.25958333
N,NORTE,2010-03-20,3851.85916667
NE,NORDESTE,2010-03-20,8268.59708333
S,SUL,2010-03-20,8932.57375000
SE,SUDESTE,2010-03-20,33511.83166667
N,NORTE,2010-03-21,3681.60291667
NE,NORDESTE,2010-03-21,7550.44416667
S,SUL,2010-03-21,7442.20708333
SE,SUDESTE,2010-03-21,30028.39791667
N,NORTE,2010-03-22,3900.43291667
NE,NORDESTE,2010-03-22,8481.09750000
S,SUL,2010-03-22,9435.77208333
SE,SUDESTE,2010-03-22,35727.54875000
N,NORTE,2010-03-23,3862.20666667
NE,NORDESTE,2010-03-23,8541.98416667
S,SUL,2010-03-23,9788.33958333
SE,SUDESTE,2010-03-23,36663.69958333
N,NORTE,2010-03-24,3887.09250000
NE,NORDESTE,2010-03-24,8500.46625000
S,SUL,2010-03-24,9937.66125000
SE,SUDESTE,2010-03-24,37206.52541667
N,NORTE,2010-03-25,3898.05041667
NE,NORDESTE,2010-03-25,8457.60333333
S,SUL,2010-03-25,9759.05541667
SE,SUDESTE,2010-03-25,37182.08333333
N,NORTE,2010-03-26,3913.57958333
NE,NORDESTE,2010-03-26,8469.22291667
S,SUL,2010-03-26,9804.59250000
SE,SUDESTE,2010-03-26,36929.89250000
N,NORTE,2010-03-27,3855.52958333
NE,NORDESTE,2010-03-27,8053.28500000
S,SUL,2010-03-27,8591.70500000
SE,SUDESTE,2010-03-27,34027.64833333
N,NORTE,2010-03-28,3657.47333333
NE,NORDESTE,2010-03-28,7501.03958333
S,SUL,2010-03-28,7142.69375000
SE,SUDESTE,2010-03-28,30698.40791667
N,NORTE,2010-03-29,3906.81083333
NE,NORDESTE,2010-03-29,8473.76458333
S,SUL,2010-03-29,9353.97083333
SE,SUDESTE,2010-03-29,36366.48125000
N,NORTE,2010-03-30,3943.54708333
NE,NORDESTE,2010-03-30,8809.63208333
S,SUL,2010-03-30,9783.27416667
SE,SUDESTE,2010-03-30,36604.53416667
N,NORTE,2010-03-31,3944.81750000
NE,NORDESTE,2010-03-31,8827.10875000
S,SUL,2010-03-31,9812.32708333
SE,SUDESTE,2010-03-31,36031.63458333
N,NORTE,2010-04-01,3815.03000000
NE,NORDESTE,2010-04-01,8483.81550000
S,SUL,2010-04-01,9769.00458333
SE,SUDESTE,2010-04-01,34776.98375000
N,NORTE,2010-04-02,3525.61541667
NE,NORDESTE,2010-04-02,7277.49237500
S,SUL,2010-04-02,7136.50083333
SE,SUDESTE,2010-04-02,28801.81125000
N,NORTE,2010-04-03,3671.52250000
NE,NORDESTE,2010-04-03,7671.16145833
S,SUL,2010-04-03,7489.79625000
SE,SUDESTE,2010-04-03,30439.08500000
N,NORTE,2010-04-04,3576.43791667
NE,NORDESTE,2010-04-04,7301.97408333
S,SUL,2010-04-04,6519.56583333
SE,SUDESTE,2010-04-04,28831.21833333
N,NORTE,2010-04-05,3873.88750000
NE,NORDESTE,2010-04-05,8555.83350000
S,SUL,2010-04-05,8869.27958333
SE,SUDESTE,2010-04-05,34093.62000000
N,NORTE,2010-04-06,3942.31791667
NE,NORDESTE,2010-04-06,8906.91658333
S,SUL,2010-04-06,9082.78916667
SE,SUDESTE,2010-04-06,33154.93625000
N,NORTE,2010-04-07,3941.58666667
NE,NORDESTE,2010-04-07,8826.81520833
S,SUL,2010-04-07,9122.92083333
SE,SUDESTE,2010-04-07,32301.96041667
N,NORTE,2010-04-08,3895.33000000
NE,NORDESTE,2010-04-08,8492.11054167
S,SUL,2010-04-08,9113.00208333
SE,SUDESTE,2010-04-08,32230.31875000
N,NORTE,2010-04-09,3871.03291667
NE,NORDESTE,2010-04-09,8229.29254167
S,SUL,2010-04-09,9154.76583333
SE,SUDESTE,2010-04-09,32496.91541667
N,NORTE,2010-04-10,3817.71791667
NE,NORDESTE,2010-04-10,7679.53916667
S,SUL,2010-04-10,8076.57708333
SE,SUDESTE,2010-04-10,30309.11375000
N,NORTE,2010-04-11,3574.35083333
NE,NORDESTE,2010-04-11,7108.83462500
S,SUL,2010-04-11,6717.63791667
SE,SUDESTE,2010-04-11,27161.29166667
N,NORTE,2010-04-12,3807.34208333
NE,NORDESTE,2010-04-12,7987.72729167
S,SUL,2010-04-12,8998.33583333
SE,SUDESTE,2010-04-12,32216.38250000
N,NORTE,2010-04-13,3845.30916667
NE,NORDESTE,2010-04-13,8316.61916667
S,SUL,2010-04-13,9474.96416667
SE,SUDESTE,2010-04-13,33202.67666667
N,NORTE,2010-04-14,3934.89875000
NE,NORDESTE,2010-04-14,8354.59400000
S,SUL,2010-04-14,9635.58791667
SE,SUDESTE,2010-04-14,33792.89250000
N,NORTE,2010-04-15,3907.82416667
NE,NORDESTE,2010-04-15,8395.68850000
S,SUL,2010-04-15,9622.55541667
SE,SUDESTE,2010-04-15,34257.67916667
N,NORTE,2010-04-16,3914.12583333
NE,NORDESTE,2010-04-16,8444.78920833
S,SUL,2010-04-16,9606.62250000
SE,SUDESTE,2010-04-16,34598.49750000
N,NORTE,2010-04-17,3798.79291667
NE,NORDESTE,2010-04-17,7935.23575000
S,SUL,2010-04-17,8473.28333333
SE,SUDESTE,2010-04-17,32203.82250000
N,NORTE,2010-04-18,3574.01625000
NE,NORDESTE,2010-04-18,7277.33979167
S,SUL,2010-04-18,7208.37916667
SE,SUDESTE,2010-04-18,28648.50416667
N,NORTE,2010-04-19,3880.84333333
NE,NORDESTE,2010-04-19,8254.47670833
S,SUL,2010-04-19,9599.35041667
SE,SUDESTE,2010-04-19,34336.42708333
N,NORTE,2010-04-20,3906.16541667
NE,NORDESTE,2010-04-20,8433.48616667
S,SUL,2010-04-20,9652.19458333
SE,SUDESTE,2010-04-20,35374.22500000
N,NORTE,2010-04-21,3766.31875000
NE,NORDESTE,2010-04-21,7732.04650000
S,SUL,2010-04-21,8436.98333333
SE,SUDESTE,2010-04-21,32038.55708333
N,NORTE,2010-04-22,3940.28541667
NE,NORDESTE,2010-04-22,8476.72441667
S,SUL,2010-04-22,9269.65500000
SE,SUDESTE,2010-04-22,35981.69583333
N,NORTE,2010-04-23,3927.30541667
NE,NORDESTE,2010-04-23,8509.05920833
S,SUL,2010-04-23,8972.01000000
SE,SUDESTE,2010-04-23,35983.12208333
N,NORTE,2010-04-24,3838.75875000
NE,NORDESTE,2010-04-24,8042.51150000
S,SUL,2010-04-24,7752.06625000
SE,SUDESTE,2010-04-24,32882.31750000
N,NORTE,2010-04-25,3720.31500000
NE,NORDESTE,2010-04-25,7427.14916667
S,SUL,2010-04-25,6546.31916667
SE,SUDESTE,2010-04-25,29555.61375000
N,NORTE,2010-04-26,4000.10416667
NE,NORDESTE,2010-04-26,8424.26466667
S,SUL,2010-04-26,8770.27708333
SE,SUDESTE,2010-04-26,35584.08916667
N,NORTE,2010-04-27,3994.16125000
NE,NORDESTE,2010-04-27,8619.69120833
S,SUL,2010-04-27,8882.57208333
SE,SUDESTE,2010-04-27,36384.31750000
N,NORTE,2010-04-28,3985.21208333
NE,NORDESTE,2010-04-28,8740.86854167
S,SUL,2010-04-28,8969.94291667
SE,SUDESTE,2010-04-28,35608.65041667
N,NORTE,2010-04-29,3977.17875000
NE,NORDESTE,2010-04-29,8681.25300000
S,SUL,2010-04-29,8898.57583333
SE,SUDESTE,2010-04-29,34775.25791667
N,NORTE,2010-04-30,3962.60166667
NE,NORDESTE,2010-04-30,8650.51083333
S,SUL,2010-04-30,8834.68000000
SE,SUDESTE,2010-04-30,33900.55291667
N,NORTE,2010-05-01,3735.39833333
NE,NORDESTE,2010-05-01,7480.85734563
S,SUL,2010-05-01,6612.69416667
SE,SUDESTE,2010-05-01,28594.19166667
N,NORTE,2010-05-02,3680.72625000
NE,NORDESTE,2010-05-02,7364.82778543
S,SUL,2010-05-02,6129.20125000
SE,SUDESTE,2010-05-02,27150.94708333
N,NORTE,2010-05-03,3923.54791667
NE,NORDESTE,2010-05-03,8272.64238637
S,SUL,2010-05-03,8535.91541667
SE,SUDESTE,2010-05-03,33280.88500000
N,NORTE,2010-05-04,3944.03833333
NE,NORDESTE,2010-05-04,8462.09690841
S,SUL,2010-05-04,8973.22458333
SE,SUDESTE,2010-05-04,34668.40333333
N,NORTE,2010-05-05,3917.80666667
NE,NORDESTE,2010-05-05,8535.08008161
S,SUL,2010-05-05,9039.10208333
SE,SUDESTE,2010-05-05,35335.82541667
N,NORTE,2010-05-06,3951.46375000
NE,NORDESTE,2010-05-06,8588.50810912
S,SUL,2010-05-06,9132.31750000
SE,SUDESTE,2010-05-06,35349.44041667
N,NORTE,2010-05-07,3894.08208333
NE,NORDESTE,2010-05-07,8562.31853603
S,SUL,2010-05-07,9193.31666667
SE,SUDESTE,2010-05-07,35608.13333333
N,NORTE,2010-05-08,3858.20875000
NE,NORDESTE,2010-05-08,8118.96584694
S,SUL,2010-05-08,7740.07041667
SE,SUDESTE,2010-05-08,32870.49666667
N,NORTE,2010-05-09,3693.29833333
NE,NORDESTE,2010-05-09,7370.35632232
S,SUL,2010-05-09,6095.18000000
SE,SUDESTE,2010-05-09,28060.37166667
N,NORTE,2010-05-10,4003.85416667
NE,NORDESTE,2010-05-10,8549.30913970
S,SUL,2010-05-10,8480.70916667
SE,SUDESTE,2010-05-10,32106.34625000
N,NORTE,2010-05-11,4019.13375000
NE,NORDESTE,2010-05-11,8806.29337697
S,SUL,2010-05-11,8902.33083333
SE,SUDESTE,2010-05-11,32503.79916667
N,NORTE,2010-05-12,4004.36583333
NE,NORDESTE,2010-05-12,8758.66478030
S,SUL,2010-05-12,8755.64416667
SE,SUDESTE,2010-05-12,32652.93333333
N,NORTE,2010-05-13,4029.70666667
NE,NORDESTE,2010-05-13,8699.42279135
S,SUL,2010-05-13,8816.80333333
SE,SUDESTE,2010-05-13,32415.26750000
N,NORTE,2010-05-14,3993.24291667
NE,NORDESTE,2010-05-14,8710.16963018
S,SUL,2010-05-14,8894.98583333
SE,SUDESTE,2010-05-14,32711.84250000
N,NORTE,2010-05-15,3924.07000000
NE,NORDESTE,2010-05-15,8173.38435575
S,SUL,2010-05-15,7860.79208333
SE,SUDESTE,2010-05-15,30773.26833333
N,NORTE,2010-05-16,3747.77291667
NE,NORDESTE,2010-05-16,7493.01173141
S,SUL,2010-05-16,6481.78916667
SE,SUDESTE,2010-05-16,27731.57625000
N,NORTE,2010-05-17,4024.72541667
NE,NORDESTE,2010-05-17,8397.38591218
S,SUL,2010-05-17,8633.34000000
SE,SUDESTE,2010-05-17,33169.87125000
N,NORTE,2010-05-18,4040.38125000
NE,NORDESTE,2010-05-18,8619.49602289
S,SUL,2010-05-18,9050.50333333
SE,SUDESTE,2010-05-18,33920.39208333
N,NORTE,2010-05-19,3986.22916667
NE,NORDESTE,2010-05-19,8613.53024230
S,SUL,2010-05-19,8924.63541667
SE,SUDESTE,2010-05-19,34211.14750000
N,NORTE,2010-05-20,3862.40666667
NE,NORDESTE,2010-05-20,8523.90095160
S,SUL,2010-05-20,8936.13916667
SE,SUDESTE,2010-05-20,33299.36791667
N,NORTE,2010-05-21,3905.25458333
NE,NORDESTE,2010-05-21,8535.87077803
S,SUL,2010-05-21,8954.81583333
SE,SUDESTE,2010-05-21,33188.87458333
N,NORTE,2010-05-22,3798.01541667
NE,NORDESTE,2010-05-22,8191.47854250
S,SUL,2010-05-22,7765.58291667
SE,SUDESTE,2010-05-22,30717.28083333
N,NORTE,2010-05-23,3678.51625000
NE,NORDESTE,2010-05-23,7495.70347457
S,SUL,2010-05-23,6280.29458333
SE,SUDESTE,2010-05-23,27542.47458333
N,NORTE,2010-05-24,3949.86000000
NE,NORDESTE,2010-05-24,8529.33259249
S,SUL,2010-05-24,8582.47916667
SE,SUDESTE,2010-05-24,32994.22583333
N,NORTE,2010-05-25,3952.09500000
NE,NORDESTE,2010-05-25,8661.71551943
S,SUL,2010-05-25,8938.53333333
SE,SUDESTE,2010-05-25,34090.40875000
N,NORTE,2010-05-26,3957.30875000
NE,NORDESTE,2010-05-26,8639.30427570
S,SUL,2010-05-26,8864.66833333
SE,SUDESTE,2010-05-26,34456.66291667
N,NORTE,2010-05-27,3981.12916667
NE,NORDESTE,2010-05-27,8635.25069992
S,SUL,2010-05-27,8942.33500000
SE,SUDESTE,2010-05-27,34049.66333333
N,NORTE,2010-05-28,3935.64416667
NE,NORDESTE,2010-05-28,8707.89440892
S,SUL,2010-05-28,8921.10208333
SE,SUDESTE,2010-05-28,33642.81500000
N,NORTE,2010-05-29,3780.64500000
NE,NORDESTE,2010-05-29,8202.99551223
S,SUL,2010-05-29,7890.88791667
SE,SUDESTE,2010-05-29,31402.82166667
N,NORTE,2010-05-30,3601.99291667
NE,NORDESTE,2010-05-30,7533.43953387
S,SUL,2010-05-30,6465.79166667
SE,SUDESTE,2010-05-30,28060.18791667
N,NORTE,2010-05-31,3738.95958333
NE,NORDESTE,2010-05-31,8443.71762565
S,SUL,2010-05-31,8549.28041667
SE,SUDESTE,2010-05-31,32900.07375000
N,NORTE,2010-06-01,3757.50958333
NE,NORDESTE,2010-06-01,8534.54833333
S,SUL,2010-06-01,8894.64916667
SE,SUDESTE,2010-06-01,32689.07333333
N,NORTE,2010-06-02,3904.59333333
NE,NORDESTE,2010-06-02,8590.01333333
S,SUL,2010-06-02,8901.83041667
SE,SUDESTE,2010-06-02,32750.91833333
N,NORTE,2010-06-03,3634.52375000
NE,NORDESTE,2010-06-03,7855.33875000
S,SUL,2010-06-03,7460.68291667
SE,SUDESTE,2010-06-03,29550.59708333
N,NORTE,2010-06-04,3818.81416667
NE,NORDESTE,2010-06-04,8322.21625000
S,SUL,2010-06-04,8343.59208333
SE,SUDESTE,2010-06-04,31485.54541667
N,NORTE,2010-06-05,3766.61291667
NE,NORDESTE,2010-06-05,7856.43708333
S,SUL,2010-06-05,7278.65625000
SE,SUDESTE,2010-06-05,29878.94208333
N,NORTE,2010-06-06,3607.25291667
NE,NORDESTE,2010-06-06,7363.66583333
S,SUL,2010-06-06,5949.84208333
SE,SUDESTE,2010-06-06,26582.67583333
N,NORTE,2010-06-07,3879.36583333
NE,NORDESTE,2010-06-07,8441.61708333
S,SUL,2010-06-07,8372.14000000
SE,SUDESTE,2010-06-07,31685.25166667
N,NORTE,2010-06-08,3876.26375000
NE,NORDESTE,2010-06-08,8526.90875000
S,SUL,2010-06-08,8857.17458333
SE,SUDESTE,2010-06-08,32809.96916667
N,NORTE,2010-06-09,3874.25041667
NE,NORDESTE,2010-06-09,8520.54958333
S,SUL,2010-06-09,8972.48833333
SE,SUDESTE,2010-06-09,33154.41791667
N,NORTE,2010-06-10,3886.22625000
NE,NORDESTE,2010-06-10,8521.57916667
S,SUL,2010-06-10,9206.90291667
SE,SUDESTE,2010-06-10,33337.52166667
N,NORTE,2010-06-11,3911.00250000
NE,NORDESTE,2010-06-11,8557.48958333
S,SUL,2010-06-11,9267.61750000
SE,SUDESTE,2010-06-11,33418.47541667
N,NORTE,2010-06-12,3798.02833333
NE,NORDESTE,2010-06-12,8108.14166667
S,SUL,2010-06-12,8062.90875000
SE,SUDESTE,2010-06-12,31030.21250000
N,NORTE,2010-06-13,3651.16708333
NE,NORDESTE,2010-06-13,7294.95833333
S,SUL,2010-06-13,6622.77208333
SE,SUDESTE,2010-06-13,27133.26000000
N,NORTE,2010-06-14,3860.09583333
NE,NORDESTE,2010-06-14,8009.76166667
S,SUL,2010-06-14,8888.29625000
SE,SUDESTE,2010-06-14,32069.48166667
N,NORTE,2010-06-15,3763.26000000
NE,NORDESTE,2010-06-15,7819.26708333
S,SUL,2010-06-15,8950.89083333
SE,SUDESTE,2010-06-15,31556.63250000
N,NORTE,2010-06-16,3868.71000000
NE,NORDESTE,2010-06-16,8255.25958333
S,SUL,2010-06-16,9399.68458333
SE,SUDESTE,2010-06-16,33104.21208333
N,NORTE,2010-06-17,3881.47333333
NE,NORDESTE,2010-06-17,8320.60583333
S,SUL,2010-06-17,9398.86250000
SE,SUDESTE,2010-06-17,33382.79458333
N,NORTE,2010-06-18,3852.10541667
NE,NORDESTE,2010-06-18,8253.13541667
S,SUL,2010-06-18,9333.68250000
SE,SUDESTE,2010-06-18,33702.79208333
N,NORTE,2010-06-19,3737.51125000
NE,NORDESTE,2010-06-19,7920.02083333
S,SUL,2010-06-19,8261.70166667
SE,SUDESTE,2010-06-19,31622.72208333
N,NORTE,2010-06-20,3602.26625000
NE,NORDESTE,2010-06-20,7181.11791667
S,SUL,2010-06-20,6634.56750000
SE,SUDESTE,2010-06-20,27807.77875000
N,NORTE,2010-06-21,3902.12208333
NE,NORDESTE,2010-06-21,8214.91750000
S,SUL,2010-06-21,8954.36416667
SE,SUDESTE,2010-06-21,33501.88708333
N,NORTE,2010-06-22,3888.44166667
NE,NORDESTE,2010-06-22,8403.98333333
S,SUL,2010-06-22,9271.47375000
SE,SUDESTE,2010-06-22,34319.91791667
N,NORTE,2010-06-23,3873.55875000
NE,NORDESTE,2010-06-23,8158.70875000
S,SUL,2010-06-23,9224.43708333
SE,SUDESTE,2010-06-23,34151.55708333
N,NORTE,2010-06-24,3817.41541667
NE,NORDESTE,2010-06-24,7333.54708333
S,SUL,2010-06-24,9128.62625000
SE,SUDESTE,2010-06-24,34068.30708333
N,NORTE,2010-06-25,3740.23875000
NE,NORDESTE,2010-06-25,7500.30416667
S,SUL,2010-06-25,8956.94875000
SE,SUDESTE,2010-06-25,32898.13208333
N,NORTE,2010-06-26,3677.14916667
NE,NORDESTE,2010-06-26,7517.41958333
S,SUL,2010-06-26,8031.59000000
SE,SUDESTE,2010-06-26,31534.81041667
N,NORTE,2010-06-27,3562.20083333
NE,NORDESTE,2010-06-27,7055.04041667
S,SUL,2010-06-27,6542.97750000
SE,SUDESTE,2010-06-27,28194.06833333
N,NORTE,2010-06-28,3739.82916667
NE,NORDESTE,2010-06-28,7652.23833333
S,SUL,2010-06-28,8470.33291667
SE,SUDESTE,2010-06-28,31735.81666667
N,NORTE,2010-06-29,3825.74500000
NE,NORDESTE,2010-06-29,8021.78708333
S,SUL,2010-06-29,9185.90000000
SE,SUDESTE,2010-06-29,33916.80083333
N,NORTE,2010-06-30,3814.86625000
NE,NORDESTE,2010-06-30,8146.04125000
S,SUL,2010-06-30,9185.62708333
SE,SUDESTE,2010-06-30,33685.30333333
N,NORTE,2010-07-01,3750.29625000
NE,NORDESTE,2010-07-01,8034.46000000
S,SUL,2010-07-01,8971.31166667
SE,SUDESTE,2010-07-01,34002.14583333
N,NORTE,2010-07-02,3696.61708333
NE,NORDESTE,2010-07-02,7555.68791667
S,SUL,2010-07-02,8795.12791667
SE,SUDESTE,2010-07-02,32396.31750000
N,NORTE,2010-07-03,3707.32458333
NE,NORDESTE,2010-07-03,7556.50250000
S,SUL,2010-07-03,8155.63166667
SE,SUDESTE,2010-07-03,30864.98083333
N,NORTE,2010-07-04,3576.92625000
NE,NORDESTE,2010-07-04,6904.01291667
S,SUL,2010-07-04,6526.02708333
SE,SUDESTE,2010-07-04,27527.48958333
N,NORTE,2010-07-05,3851.01625000
NE,NORDESTE,2010-07-05,7803.88375000
S,SUL,2010-07-05,8889.23500000
SE,SUDESTE,2010-07-05,32794.71916667
N,NORTE,2010-07-06,3868.50500000
NE,NORDESTE,2010-07-06,7980.07083333
S,SUL,2010-07-06,9168.43000000
SE,SUDESTE,2010-07-06,34052.69041667
N,NORTE,2010-07-07,3849.29083333
NE,NORDESTE,2010-07-07,8022.26958333
S,SUL,2010-07-07,9332.74708333
SE,SUDESTE,2010-07-07,33939.43375000
N,NORTE,2010-07-08,3811.53500000
NE,NORDESTE,2010-07-08,8172.57791667
S,SUL,2010-07-08,9255.65458333
SE,SUDESTE,2010-07-08,33750.26833333
N,NORTE,2010-07-09,3833.76041667
NE,NORDESTE,2010-07-09,8196.49583333
S,SUL,2010-07-09,9379.73916667
SE,SUDESTE,2010-07-09,31883.93750000
N,NORTE,2010-07-10,3734.54125000
NE,NORDESTE,2010-07-10,7825.08041667
S,SUL,2010-07-10,8038.67666667
SE,SUDESTE,2010-07-10,30840.48375000
N,NORTE,2010-07-11,3591.30458333
NE,NORDESTE,2010-07-11,7109.86250000
S,SUL,2010-07-11,6551.45000000
SE,SUDESTE,2010-07-11,28078.72333333
N,NORTE,2010-07-12,3865.96541667
NE,NORDESTE,2010-07-12,7996.36333333
S,SUL,2010-07-12,8773.60916667
SE,SUDESTE,2010-07-12,33581.91833333
N,NORTE,2010-07-13,3880.77416667
NE,NORDESTE,2010-07-13,8177.17750000
S,SUL,2010-07-13,9021.10541667
SE,SUDESTE,2010-07-13,34486.20416667
N,NORTE,2010-07-14,3875.01875000
NE,NORDESTE,2010-07-14,8269.96583333
S,SUL,2010-07-14,9098.77958333
SE,SUDESTE,2010-07-14,34073.55291667
N,NORTE,2010-07-15,3839.90166667
NE,NORDESTE,2010-07-15,8241.41625000
S,SUL,2010-07-15,9307.90916667
SE,SUDESTE,2010-07-15,34126.83791667
N,NORTE,2010-07-16,3805.70291667
NE,NORDESTE,2010-07-16,8198.58333333
S,SUL,2010-07-16,9580.06208333
SE,SUDESTE,2010-07-16,33651.94333333
N,NORTE,2010-07-17,3709.56666667
NE,NORDESTE,2010-07-17,7727.14875000
S,SUL,2010-07-17,8308.79666667
SE,SUDESTE,2010-07-17,30910.74166667
N,NORTE,2010-07-18,3533.35375000
NE,NORDESTE,2010-07-18,7021.06625000
S,SUL,2010-07-18,6754.41000000
SE,SUDESTE,2010-07-18,27513.89708333
N,NORTE,2010-07-19,3772.10333333
NE,NORDESTE,2010-07-19,7842.74125000
S,SUL,2010-07-19,8984.14333333
SE,SUDESTE,2010-07-19,32342.70041667
N,NORTE,2010-07-20,3791.17916667
NE,NORDESTE,2010-07-20,8037.66625000
S,SUL,2010-07-20,9063.44125000
SE,SUDESTE,2010-07-20,33532.35375000
N,NORTE,2010-07-21,3818.42416667
NE,NORDESTE,2010-07-21,8070.44125000
S,SUL,2010-07-21,9083.11791667
SE,SUDESTE,2010-07-21,33790.46708333
N,NORTE,2010-07-22,3832.30500000
NE,NORDESTE,2010-07-22,8004.73708333
S,SUL,2010-07-22,9197.55916667
SE,SUDESTE,2010-07-22,33966.98541667
N,NORTE,2010-07-23,3813.02875000
NE,NORDESTE,2010-07-23,8028.60250000
S,SUL,2010-07-23,9003.11250000
SE,SUDESTE,2010-07-23,34242.22416667
N,NORTE,2010-07-24,3689.35166667
NE,NORDESTE,2010-07-24,7684.27500000
S,SUL,2010-07-24,7888.69083333
SE,SUDESTE,2010-07-24,31583.01458333
N,NORTE,2010-07-25,3561.05333333
NE,NORDESTE,2010-07-25,7062.91625000
S,SUL,2010-07-25,6275.85416667
SE,SUDESTE,2010-07-25,27905.40375000
N,NORTE,2010-07-26,3821.64625000
NE,NORDESTE,2010-07-26,7842.60250000
S,SUL,2010-07-26,8549.58416667
SE,SUDESTE,2010-07-26,32619.99208333
N,NORTE,2010-07-27,3841.88208333
NE,NORDESTE,2010-07-27,8086.03458333
S,SUL,2010-07-27,9026.32666667
SE,SUDESTE,2010-07-27,33607.76833333
N,NORTE,2010-07-28,3855.02208333
NE,NORDESTE,2010-07-28,8096.23416667
S,SUL,2010-07-28,9085.30416667
SE,SUDESTE,2010-07-28,33818.99958333
N,NORTE,2010-07-29,3909.69375000
NE,NORDESTE,2010-07-29,8043.74875000
S,SUL,2010-07-29,9089.13708333
SE,SUDESTE,2010-07-29,34288.60916667
N,NORTE,2010-07-30,3851.03041667
NE,NORDESTE,2010-07-30,8052.74750000
S,SUL,2010-07-30,9090.75125000
SE,SUDESTE,2010-07-30,34088.04250000
N,NORTE,2010-07-31,3749.69125000
NE,NORDESTE,2010-07-31,7608.15166667
S,SUL,2010-07-31,7966.41625000
SE,SUDESTE,2010-07-31,31303.07541667
N,NORTE,2010-08-01,3637.21125000
NE,NORDESTE,2010-08-01,6995.99358333
S,SUL,2010-08-01,6291.47500000
SE,SUDESTE,2010-08-01,28232.51708333
N,NORTE,2010-08-02,3908.02041667
NE,NORDESTE,2010-08-02,7872.92150000
S,SUL,2010-08-02,8658.77541667
SE,SUDESTE,2010-08-02,33549.68791667
N,NORTE,2010-08-03,3942.31083333
NE,NORDESTE,2010-08-03,7990.88312500
S,SUL,2010-08-03,9135.07166667
SE,SUDESTE,2010-08-03,34011.79083333
N,NORTE,2010-08-04,3905.12500000
NE,NORDESTE,2010-08-04,7999.80595833
S,SUL,2010-08-04,9465.89166667
SE,SUDESTE,2010-08-04,33808.04500000
N,NORTE,2010-08-05,3897.58291667
NE,NORDESTE,2010-08-05,7862.81695833
S,SUL,2010-08-05,9324.62500000
SE,SUDESTE,2010-08-05,33696.10208333
N,NORTE,2010-08-06,3873.11166667
NE,NORDESTE,2010-08-06,7899.95400000
S,SUL,2010-08-06,9132.60375000
SE,SUDESTE,2010-08-06,33411.63708333
N,NORTE,2010-08-07,3730.90750000
NE,NORDESTE,2010-08-07,7487.97416667
S,SUL,2010-08-07,7753.86750000
SE,SUDESTE,2010-08-07,30966.32916667
N,NORTE,2010-08-08,3578.19458333
NE,NORDESTE,2010-08-08,6722.21616667
S,SUL,2010-08-08,6427.97875000
SE,SUDESTE,2010-08-08,27588.66000000
N,NORTE,2010-08-09,3860.25500000
NE,NORDESTE,2010-08-09,7756.81070833
S,SUL,2010-08-09,8727.28083333
SE,SUDESTE,2010-08-09,33168.47416667
N,NORTE,2010-08-10,3926.10791667
NE,NORDESTE,2010-08-10,7944.28233333
S,SUL,2010-08-10,9229.86833333
SE,SUDESTE,2010-08-10,34071.81666667
N,NORTE,2010-08-11,3937.16791667
NE,NORDESTE,2010-08-11,7921.10183333
S,SUL,2010-08-11,9259.63083333
SE,SUDESTE,2010-08-11,33996.82083333
N,NORTE,2010-08-12,3930.26916667
NE,NORDESTE,2010-08-12,7861.34741667
S,SUL,2010-08-12,9205.21750000
SE,SUDESTE,2010-08-12,33935.71500000
N,NORTE,2010-08-13,3895.09541667
NE,NORDESTE,2010-08-13,7909.22562500
S,SUL,2010-08-13,9153.81250000
SE,SUDESTE,2010-08-13,34407.96291667
N,NORTE,2010-08-14,3796.29333333
NE,NORDESTE,2010-08-14,7684.12975000
S,SUL,2010-08-14,7945.21000000
SE,SUDESTE,2010-08-14,31707.85916667
N,NORTE,2010-08-15,3638.31250000
NE,NORDESTE,2010-08-15,6942.66979167
S,SUL,2010-08-15,6431.02583333
SE,SUDESTE,2010-08-15,27736.85000000
N,NORTE,2010-08-16,3945.50583333
NE,NORDESTE,2010-08-16,7884.05225000
S,SUL,2010-08-16,8790.63750000
SE,SUDESTE,2010-08-16,32224.21583333
N,NORTE,2010-08-17,3920.08125000
NE,NORDESTE,2010-08-17,8014.33125000
S,SUL,2010-08-17,9124.15041667
SE,SUDESTE,2010-08-17,33386.96625000
N,NORTE,2010-08-18,3919.48041667
NE,NORDESTE,2010-08-18,7915.87158333
S,SUL,2010-08-18,9049.54625000
SE,SUDESTE,2010-08-18,33709.61250000
N,NORTE,2010-08-19,3889.64625000
NE,NORDESTE,2010-08-19,7877.83954167
S,SUL,2010-08-19,9105.27708333
SE,SUDESTE,2010-08-19,33667.31166667
N,NORTE,2010-08-20,3923.12291667
NE,NORDESTE,2010-08-20,7915.30808333
S,SUL,2010-08-20,9078.35208333
SE,SUDESTE,2010-08-20,33869.63791667
N,NORTE,2010-08-21,3819.51666667
NE,NORDESTE,2010-08-21,7557.36945833
S,SUL,2010-08-21,7946.00333333
SE,SUDESTE,2010-08-21,31757.53500000
N,NORTE,2010-08-22,3634.16833333
NE,NORDESTE,2010-08-22,6983.76816667
S,SUL,2010-08-22,6652.44541667
SE,SUDESTE,2010-08-22,28209.98458333
N,NORTE,2010-08-23,3939.37250000
NE,NORDESTE,2010-08-23,7869.75879167
S,SUL,2010-08-23,8934.45666667
SE,SUDESTE,2010-08-23,33617.98541667
N,NORTE,2010-08-24,3959.03458333
NE,NORDESTE,2010-08-24,8062.81683333
S,SUL,2010-08-24,9457.79625000
SE,SUDESTE,2010-08-24,34969.94416667
N,NORTE,2010-08-25,3968.27958333
NE,NORDESTE,2010-08-25,8073.09883333
S,SUL,2010-08-25,9491.79000000
SE,SUDESTE,2010-08-25,35550.62000000
N,NORTE,2010-08-26,3962.91375000
NE,NORDESTE,2010-08-26,8111.25562500
S,SUL,2010-08-26,9477.12333333
SE,SUDESTE,2010-08-26,35721.63833333
N,NORTE,2010-08-27,3943.10416667
NE,NORDESTE,2010-08-27,8095.97208333
S,SUL,2010-08-27,9483.28125000
SE,SUDESTE,2010-08-27,35752.96875000
N,NORTE,2010-08-28,3836.18333333
NE,NORDESTE,2010-08-28,7727.97570833
S,SUL,2010-08-28,8316.04375000
SE,SUDESTE,2010-08-28,32854.79625000
N,NORTE,2010-08-29,3702.25333333
NE,NORDESTE,2010-08-29,7050.56137500
S,SUL,2010-08-29,6835.91625000
SE,SUDESTE,2010-08-29,29454.69166667
N,NORTE,2010-08-30,3927.51208333
NE,NORDESTE,2010-08-30,7992.79116667
S,SUL,2010-08-30,9085.30500000
SE,SUDESTE,2010-08-30,34690.51333333
N,NORTE,2010-08-31,3953.68541667
NE,NORDESTE,2010-08-31,8149.77800000
S,SUL,2010-08-31,9471.56541667
SE,SUDESTE,2010-08-31,35421.92375000
N,NORTE,2010-09-01,3966.70125000
NE,NORDESTE,2010-09-01,8133.19750000
S,SUL,2010-09-01,9626.20583333
SE,SUDESTE,2010-09-01,35540.28583333
N,NORTE,2010-09-02,3937.60375000
NE,NORDESTE,2010-09-02,8047.92875000
S,SUL,2010-09-02,9608.01666667
SE,SUDESTE,2010-09-02,35877.65375000
N,NORTE,2010-09-03,3953.57458333
NE,NORDESTE,2010-09-03,8147.63166667
S,SUL,2010-09-03,9690.21166667
SE,SUDESTE,2010-09-03,36044.57458333
N,NORTE,2010-09-04,3839.82083333
NE,NORDESTE,2010-09-04,7728.40458333
S,SUL,2010-09-04,8061.53958333
SE,SUDESTE,2010-09-04,33091.50500000
N,NORTE,2010-09-05,3718.24500000
NE,NORDESTE,2010-09-05,7018.11791667
S,SUL,2010-09-05,6428.40708333
SE,SUDESTE,2010-09-05,28934.38958333
N,NORTE,2010-09-06,3910.21458333
NE,NORDESTE,2010-09-06,7707.32416667
S,SUL,2010-09-06,7793.42416667
SE,SUDESTE,2010-09-06,32032.39833333
N,NORTE,2010-09-07,3718.23875000
NE,NORDESTE,2010-09-07,7160.74458333
S,SUL,2010-09-07,7184.33458333
SE,SUDESTE,2010-09-07,30243.10750000
N,NORTE,2010-09-08,3866.83583333
NE,NORDESTE,2010-09-08,8114.85958333
S,SUL,2010-09-08,8954.40416667
SE,SUDESTE,2010-09-08,33925.70291667
N,NORTE,2010-09-09,3962.60416667
NE,NORDESTE,2010-09-09,8254.48708333
S,SUL,2010-09-09,9185.12416667
SE,SUDESTE,2010-09-09,34494.83125000
N,NORTE,2010-09-10,3892.06125000
NE,NORDESTE,2010-09-10,8213.84166667
S,SUL,2010-09-10,9264.17958333
SE,SUDESTE,2010-09-10,34843.50416667
N,NORTE,2010-09-11,3811.04541667
NE,NORDESTE,2010-09-11,7779.11333333
S,SUL,2010-09-11,8323.86375000
SE,SUDESTE,2010-09-11,32354.82833333
N,NORTE,2010-09-12,3682.03416667
NE,NORDESTE,2010-09-12,7169.62291667
S,SUL,2010-09-12,6915.66708333
SE,SUDESTE,2010-09-12,28862.68041667
N,NORTE,2010-09-13,3964.98625000
NE,NORDESTE,2010-09-13,8067.73916667
S,SUL,2010-09-13,9120.77916667
SE,SUDESTE,2010-09-13,34533.54291667
N,NORTE,2010-09-14,4012.41708333
NE,NORDESTE,2010-09-14,8127.12208333
S,SUL,2010-09-14,9102.96958333
SE,SUDESTE,2010-09-14,35974.57625000
N,NORTE,2010-09-15,4034.51500000
NE,NORDESTE,2010-09-15,8189.09208333
S,SUL,2010-09-15,9065.43625000
SE,SUDESTE,2010-09-15,36100.87750000
N,NORTE,2010-09-16,4022.20916667
NE,NORDESTE,2010-09-16,8288.03000000
S,SUL,2010-09-16,9435.20791667
SE,SUDESTE,2010-09-16,35770.36291667
N,NORTE,2010-09-17,4025.51791667
NE,NORDESTE,2010-09-17,8357.98333333
S,SUL,2010-09-17,9366.29791667
SE,SUDESTE,2010-09-17,36189.48958333
N,NORTE,2010-09-18,3902.48708333
NE,NORDESTE,2010-09-18,7991.39833333
S,SUL,2010-09-18,8022.72375000
SE,SUDESTE,2010-09-18,33183.18791667
N,NORTE,2010-09-19,3776.18666667
NE,NORDESTE,2010-09-19,7244.57833333
S,SUL,2010-09-19,6565.61541667
SE,SUDESTE,2010-09-19,29029.36625000
N,NORTE,2010-09-20,3982.17916667
NE,NORDESTE,2010-09-20,8092.39916667
S,SUL,2010-09-20,8331.91166667
SE,SUDESTE,2010-09-20,34393.74125000
N,NORTE,2010-09-21,3993.29958333
NE,NORDESTE,2010-09-21,8128.59083333
S,SUL,2010-09-21,9342.94916667
SE,SUDESTE,2010-09-21,35833.40416667
N,NORTE,2010-09-22,4056.03416667
NE,NORDESTE,2010-09-22,8206.52958333
S,SUL,2010-09-22,9396.58583333
SE,SUDESTE,2010-09-22,36546.57250000
N,NORTE,2010-09-23,4076.39708333
NE,NORDESTE,2010-09-23,8345.17666667
S,SUL,2010-09-23,9190.00375000
SE,SUDESTE,2010-09-23,36709.11125000
N,NORTE,2010-09-24,4039.44375000
NE,NORDESTE,2010-09-24,8307.75416667
S,SUL,2010-09-24,9048.34791667
SE,SUDESTE,2010-09-24,36092.90875000
N,NORTE,2010-09-25,3945.42041667
NE,NORDESTE,2010-09-25,7877.76791667
S,SUL,2010-09-25,7884.27083333
SE,SUDESTE,2010-09-25,33067.45333333
N,NORTE,2010-09-26,3856.95000000
NE,NORDESTE,2010-09-26,7289.11166667
S,SUL,2010-09-26,6508.53166667
SE,SUDESTE,2010-09-26,29541.95625000
N,NORTE,2010-09-27,4088.09166667
NE,NORDESTE,2010-09-27,8272.25708333
S,SUL,2010-09-27,8807.83250000
SE,SUDESTE,2010-09-27,34895.06625000
N,NORTE,2010-09-28,4065.38666667
NE,NORDESTE,2010-09-28,8492.95583333
S,SUL,2010-09-28,9098.90541667
SE,SUDESTE,2010-09-28,35544.88375000
N,NORTE,2010-09-29,4044.06500000
NE,NORDESTE,2010-09-29,8642.98333333
S,SUL,2010-09-29,9282.88791667
SE,SUDESTE,2010-09-29,35563.01916667
N,NORTE,2010-09-30,3995.89250000
NE,NORDESTE,2010-09-30,8644.93041667
S,SUL,2010-09-30,9273.17625000
SE,SUDESTE,2010-09-30,35853.27000000
N,NORTE,2010-10-01,3928.28083333
NE,NORDESTE,2010-10-01,8643.91416667
S,SUL,2010-10-01,9333.41416667
SE,SUDESTE,2010-10-01,36147.08625000
N,NORTE,2010-10-02,3750.01625000
NE,NORDESTE,2010-10-02,8307.95041667
S,SUL,2010-10-02,8188.06666667
SE,SUDESTE,2010-10-02,32802.89041667
N,NORTE,2010-10-03,3610.70500000
NE,NORDESTE,2010-10-03,7317.61208333
S,SUL,2010-10-03,6343.56750000
SE,SUDESTE,2010-10-03,27567.12291667
N,NORTE,2010-10-04,3934.81833333
NE,NORDESTE,2010-10-04,8465.63625000
S,SUL,2010-10-04,9006.44291667
SE,SUDESTE,2010-10-04,33437.90166667
N,NORTE,2010-10-05,3958.32333333
NE,NORDESTE,2010-10-05,8614.51666667
S,SUL,2010-10-05,9146.04375000
SE,SUDESTE,2010-10-05,34908.50000000
N,NORTE,2010-10-06,4020.83708333
NE,NORDESTE,2010-10-06,8719.10375000
S,SUL,2010-10-06,9513.49166667
SE,SUDESTE,2010-10-06,35504.50083333
N,NORTE,2010-10-07,4056.01750000
NE,NORDESTE,2010-10-07,8798.46708333
S,SUL,2010-10-07,9320.49750000
SE,SUDESTE,2010-10-07,35589.40416667
N,NORTE,2010-10-08,4079.78958333
NE,NORDESTE,2010-10-08,8873.52083333
S,SUL,2010-10-08,8974.14208333
SE,SUDESTE,2010-10-08,35504.99500000
N,NORTE,2010-10-09,3941.08916667
NE,NORDESTE,2010-10-09,8416.57416667
S,SUL,2010-10-09,7854.19958333
SE,SUDESTE,2010-10-09,31810.86500000
N,NORTE,2010-10-10,3747.08625000
NE,NORDESTE,2010-10-10,7533.09750000
S,SUL,2010-10-10,6458.77791667
SE,SUDESTE,2010-10-10,27892.32291667
N,NORTE,2010-10-11,3887.65166667
NE,NORDESTE,2010-10-11,8311.63833333
S,SUL,2010-10-11,8189.35250000
SE,SUDESTE,2010-10-11,31181.03666667
N,NORTE,2010-10-12,3753.80583333
NE,NORDESTE,2010-10-12,7792.39625000
S,SUL,2010-10-12,7087.52125000
SE,SUDESTE,2010-10-12,28735.67333333
N,NORTE,2010-10-13,3964.56375000
NE,NORDESTE,2010-10-13,8735.25750000
S,SUL,2010-10-13,9002.21125000
SE,SUDESTE,2010-10-13,33536.77375000
N,NORTE,2010-10-14,4018.70791667
NE,NORDESTE,2010-10-14,8796.11541667
S,SUL,2010-10-14,9300.07833333
SE,SUDESTE,2010-10-14,34969.71750000
N,NORTE,2010-10-15,4059.77500000
NE,NORDESTE,2010-10-15,8586.06833333
S,SUL,2010-10-15,9363.13125000
SE,SUDESTE,2010-10-15,35484.10458333
N,NORTE,2010-10-16,3946.29958333
NE,NORDESTE,2010-10-16,8291.29875000
S,SUL,2010-10-16,8244.95416667
SE,SUDESTE,2010-10-16,33270.28666667
N,NORTE,2010-10-17,3609.05625000
NE,NORDESTE,2010-10-17,7234.43458333
S,SUL,2010-10-17,6382.28750000
SE,SUDESTE,2010-10-17,28246.83458333
N,NORTE,2010-10-18,3890.43958333
NE,NORDESTE,2010-10-18,8611.58375000
S,SUL,2010-10-18,8770.52000000
SE,SUDESTE,2010-10-18,34060.99333333
N,NORTE,2010-10-19,3970.22875000
NE,NORDESTE,2010-10-19,8918.79416667
S,SUL,2010-10-19,9077.47416667
SE,SUDESTE,2010-10-19,33928.99083333
N,NORTE,2010-10-20,3999.33000000
NE,NORDESTE,2010-10-20,8834.01041667
S,SUL,2010-10-20,9291.83958333
SE,SUDESTE,2010-10-20,34054.39083333
N,NORTE,2010-10-21,4008.82500000
NE,NORDESTE,2010-10-21,8768.94125000
S,SUL,2010-10-21,9517.70958333
SE,SUDESTE,2010-10-21,34912.50583333
N,NORTE,2010-10-22,3986.38750000
NE,NORDESTE,2010-10-22,8626.31166667
S,SUL,2010-10-22,9442.17291667
SE,SUDESTE,2010-10-22,35747.12958333
N,NORTE,2010-10-23,3830.23458333
NE,NORDESTE,2010-10-23,8142.26791667
S,SUL,2010-10-23,8349.95041667
SE,SUDESTE,2010-10-23,33324.01708333
N,NORTE,2010-10-24,3721.01583333
NE,NORDESTE,2010-10-24,7410.66208333
S,SUL,2010-10-24,6831.79250000
SE,SUDESTE,2010-10-24,29542.76291667
N,NORTE,2010-10-25,3913.69541667
NE,NORDESTE,2010-10-25,8372.78333333
S,SUL,2010-10-25,9176.74125000
SE,SUDESTE,2010-10-25,34829.36916667
N,NORTE,2010-10-26,3933.83708333
NE,NORDESTE,2010-10-26,8715.64666667
S,SUL,2010-10-26,9382.20250000
SE,SUDESTE,2010-10-26,35004.96541667
N,NORTE,2010-10-27,3951.48166667
NE,NORDESTE,2010-10-27,8666.50125000
S,SUL,2010-10-27,9350.80208333
SE,SUDESTE,2010-10-27,34257.28875000
N,NORTE,2010-10-28,3968.85500000
NE,NORDESTE,2010-10-28,8654.73458333
S,SUL,2010-10-28,9542.00083333
SE,SUDESTE,2010-10-28,34540.28750000
N,NORTE,2010-10-29,3892.48875000
NE,NORDESTE,2010-10-29,8650.10625000
S,SUL,2010-10-29,9524.44375000
SE,SUDESTE,2010-10-29,35418.06916667
N,NORTE,2010-10-30,3805.71416667
NE,NORDESTE,2010-10-30,8110.89000000
S,SUL,2010-10-30,8094.19875000
SE,SUDESTE,2010-10-30,33255.92541667
N,NORTE,2010-10-31,3673.02541667
NE,NORDESTE,2010-10-31,7280.34958333
S,SUL,2010-10-31,6387.90708333
SE,SUDESTE,2010-10-31,28511.19833333
N,NORTE,2010-11-01,3857.19000000
NE,NORDESTE,2010-11-01,8022.57833333
S,SUL,2010-11-01,8079.16166667
SE,SUDESTE,2010-11-01,32475.91208333
N,NORTE,2010-11-02,3775.13958333
NE,NORDESTE,2010-11-02,7570.46166667
S,SUL,2010-11-02,7088.52625000
SE,SUDESTE,2010-11-02,28797.27041667
N,NORTE,2010-11-03,3985.54208333
NE,NORDESTE,2010-11-03,8525.49375000
S,SUL,2010-11-03,9323.95375000
SE,SUDESTE,2010-11-03,33454.89000000
N,NORTE,2010-11-04,3991.75333333
NE,NORDESTE,2010-11-04,8634.03708333
S,SUL,2010-11-04,9911.21583333
SE,SUDESTE,2010-11-04,35143.88958333
N,NORTE,2010-11-05,4027.40375000
NE,NORDESTE,2010-11-05,8631.84458333
S,SUL,2010-11-05,9813.66083333
SE,SUDESTE,2010-11-05,35967.76250000
N,NORTE,2010-11-06,3950.92916667
NE,NORDESTE,2010-11-06,8264.49125000
S,SUL,2010-11-06,8481.98375000
SE,SUDESTE,2010-11-06,33046.80500000
N,NORTE,2010-11-07,3784.78958333
NE,NORDESTE,2010-11-07,7525.90541667
S,SUL,2010-11-07,7127.57083333
SE,SUDESTE,2010-11-07,28429.00666667
N,NORTE,2010-11-08,4013.04916667
NE,NORDESTE,2010-11-08,8478.03791667
S,SUL,2010-11-08,9883.20791667
SE,SUDESTE,2010-11-08,34348.15708333
N,NORTE,2010-11-09,3991.37583333
NE,NORDESTE,2010-11-09,8497.21000000
S,SUL,2010-11-09,10172.43500000
SE,SUDESTE,2010-11-09,35952.78083333
N,NORTE,2010-11-10,3979.10416667
NE,NORDESTE,2010-11-10,8764.20375000
S,SUL,2010-11-10,9486.36958333
SE,SUDESTE,2010-11-10,35875.16625000
N,NORTE,2010-11-11,4002.78375000
NE,NORDESTE,2010-11-11,8714.97625000
S,SUL,2010-11-11,9488.19625000
SE,SUDESTE,2010-11-11,34223.76791667
N,NORTE,2010-11-12,4035.59291667
NE,NORDESTE,2010-11-12,8747.21541667
S,SUL,2010-11-12,9594.05333333
SE,SUDESTE,2010-11-12,34206.24541667
N,NORTE,2010-11-13,3853.72833333
NE,NORDESTE,2010-11-13,8212.98875000
S,SUL,2010-11-13,8413.99708333
SE,SUDESTE,2010-11-13,31485.90500000
N,NORTE,2010-11-14,3644.02166667
NE,NORDESTE,2010-11-14,7322.40458333
S,SUL,2010-11-14,6997.30041667
SE,SUDESTE,2010-11-14,27484.97583333
N,NORTE,2010-11-15,3632.41541667
NE,NORDESTE,2010-11-15,7354.65625000
S,SUL,2010-11-15,7443.02041667
SE,SUDESTE,2010-11-15,28046.97375000
N,NORTE,2010-11-16,3899.20833333
NE,NORDESTE,2010-11-16,8399.59625000
S,SUL,2010-11-16,9434.72083333
SE,SUDESTE,2010-11-16,33274.27791667
N,NORTE,2010-11-17,3933.20500000
NE,NORDESTE,2010-11-17,8600.28958333
S,SUL,2010-11-17,9760.80791667
SE,SUDESTE,2010-11-17,34231.31958333
N,NORTE,2010-11-18,3968.38875000
NE,NORDESTE,2010-11-18,8755.53833333
S,SUL,2010-11-18,9925.40083333
SE,SUDESTE,2010-11-18,34471.50791667
N,NORTE,2010-11-19,3987.93000000
NE,NORDESTE,2010-11-19,8731.83375000
S,SUL,2010-11-19,9930.07541667
SE,SUDESTE,2010-11-19,34994.80208333
N,NORTE,2010-11-20,3876.84250000
NE,NORDESTE,2010-11-20,8249.58208333
S,SUL,2010-11-20,8871.23500000
SE,SUDESTE,2010-11-20,32335.02583333
N,NORTE,2010-11-21,3685.12791667
NE,NORDESTE,2010-11-21,7447.48875000
S,SUL,2010-11-21,7531.56083333
SE,SUDESTE,2010-11-21,29765.67083333
N,NORTE,2010-11-22,3946.73750000
NE,NORDESTE,2010-11-22,8488.15375000
S,SUL,2010-11-22,9762.40500000
SE,SUDESTE,2010-11-22,35388.86416667
N,NORTE,2010-11-23,3951.71625000
NE,NORDESTE,2010-11-23,8658.55333333
S,SUL,2010-11-23,9872.80791667
SE,SUDESTE,2010-11-23,35570.98750000
N,NORTE,2010-11-24,3965.12833333
NE,NORDESTE,2010-11-24,8786.55250000
S,SUL,2010-11-24,9788.08375000
SE,SUDESTE,2010-11-24,35709.63875000
N,NORTE,2010-11-25,3922.56291667
NE,NORDESTE,2010-11-25,8755.67875000
S,SUL,2010-11-25,9735.27500000
SE,SUDESTE,2010-11-25,36058.90791667
N,NORTE,2010-11-26,3972.34708333
NE,NORDESTE,2010-11-26,8785.21750000
S,SUL,2010-11-26,9914.50166667
SE,SUDESTE,2010-11-26,35880.09833333
N,NORTE,2010-11-27,3871.67166667
NE,NORDESTE,2010-11-27,8261.06000000
S,SUL,2010-11-27,8892.29458333
SE,SUDESTE,2010-11-27,32869.33375000
N,NORTE,2010-11-28,3733.35416667
NE,NORDESTE,2010-11-28,7503.17583333
S,SUL,2010-11-28,7476.05041667
SE,SUDESTE,2010-11-28,29859.78250000
N,NORTE,2010-11-29,3869.06375000
NE,NORDESTE,2010-11-29,8471.46666667
S,SUL,2010-11-29,9837.75000000
SE,SUDESTE,2010-11-29,36174.98375000
N,NORTE,2010-11-30,3975.19166667
NE,NORDESTE,2010-11-30,8469.98125000
S,SUL,2010-11-30,10110.11150000
SE,SUDESTE,2010-11-30,37286.25958333
N,NORTE,2010-12-01,3942.63208333
NE,NORDESTE,2010-12-01,8527.52875000
S,SUL,2010-12-01,10106.82458333
SE,SUDESTE,2010-12-01,37219.77375000
N,NORTE,2010-12-02,3922.70916667
NE,NORDESTE,2010-12-02,8632.92541667
S,SUL,2010-12-02,10200.67833333
SE,SUDESTE,2010-12-02,37229.01041667
N,NORTE,2010-12-03,3969.91291667
NE,NORDESTE,2010-12-03,8535.02833333
S,SUL,2010-12-03,10204.35500000
SE,SUDESTE,2010-12-03,37792.99875000
N,NORTE,2010-12-04,3878.89375000
NE,NORDESTE,2010-12-04,8188.84416667
S,SUL,2010-12-04,8697.96541667
SE,SUDESTE,2010-12-04,34738.08833333
N,NORTE,2010-12-05,3723.70708333
NE,NORDESTE,2010-12-05,7619.66541667
S,SUL,2010-12-05,7329.52416667
SE,SUDESTE,2010-12-05,31339.58958333
N,NORTE,2010-12-06,3879.61375000
NE,NORDESTE,2010-12-06,8619.22250000
S,SUL,2010-12-06,9653.36416667
SE,SUDESTE,2010-12-06,36311.23416667
N,NORTE,2010-12-07,3951.23958333
NE,NORDESTE,2010-12-07,8812.48125000
S,SUL,2010-12-07,10150.82375000
SE,SUDESTE,2010-12-07,37128.18583333
N,NORTE,2010-12-08,3850.39166667
NE,NORDESTE,2010-12-08,8468.22666667
S,SUL,2010-12-08,10287.17041667
SE,SUDESTE,2010-12-08,37197.62708333
N,NORTE,2010-12-09,3933.39083333
NE,NORDESTE,2010-12-09,8563.12791667
S,SUL,2010-12-09,10341.31166667
SE,SUDESTE,2010-12-09,37642.19500000
N,NORTE,2010-12-10,3949.09500000
NE,NORDESTE,2010-12-10,8430.04583333
S,SUL,2010-12-10,10438.42708333
SE,SUDESTE,2010-12-10,37357.45000000
N,NORTE,2010-12-11,3875.35083333
NE,NORDESTE,2010-12-11,7930.33750000
S,SUL,2010-12-11,9084.32250000
SE,SUDESTE,2010-12-11,34424.18958333
N,NORTE,2010-12-12,3755.47375000
NE,NORDESTE,2010-12-12,7232.33041667
S,SUL,2010-12-12,7640.70958333
SE,SUDESTE,2010-12-12,31517.49416667
N,NORTE,2010-12-13,3903.77291667
NE,NORDESTE,2010-12-13,8171.48083333
S,SUL,2010-12-13,9327.48000000
SE,SUDESTE,2010-12-13,37547.98083333
N,NORTE,2010-12-14,3932.69541667
NE,NORDESTE,2010-12-14,8309.27000000
S,SUL,2010-12-14,9405.27166667
SE,SUDESTE,2010-12-14,36795.99125000
N,NORTE,2010-12-15,3909.46083333
NE,NORDESTE,2010-12-15,8197.48041667
S,SUL,2010-12-15,9704.56541667
SE,SUDESTE,2010-12-15,36260.69666667
N,NORTE,2010-12-16,3855.65208333
NE,NORDESTE,2010-12-16,8318.16083333
S,SUL,2010-12-16,9782.10541667
SE,SUDESTE,2010-12-16,36199.27333333
N,NORTE,2010-12-17,3857.77666667
NE,NORDESTE,2010-12-17,8166.31250000
S,SUL,2010-12-17,10010.43291667
SE,SUDESTE,2010-12-17,36581.60958333
N,NORTE,2010-12-18,3702.62875000
NE,NORDESTE,2010-12-18,7762.00041667
S,SUL,2010-12-18,9100.29166667
SE,SUDESTE,2010-12-18,33552.31333333
N,NORTE,2010-12-19,3673.20500000
NE,NORDESTE,2010-12-19,7128.02125000
S,SUL,2010-12-19,7904.63458333
SE,SUDESTE,2010-12-19,30568.30875000
N,NORTE,2010-12-20,3860.51041667
NE,NORDESTE,2010-12-20,7952.61083333
S,SUL,2010-12-20,9845.65541667
SE,SUDESTE,2010-12-20,36213.48375000
N,NORTE,2010-12-21,3864.64250000
NE,NORDESTE,2010-12-21,8222.81458333
S,SUL,2010-12-21,10013.95875000
SE,SUDESTE,2010-12-21,37423.30041667
N,NORTE,2010-12-22,3887.95583333
NE,NORDESTE,2010-12-22,8344.45541667
S,SUL,2010-12-22,9704.92250000
SE,SUDESTE,2010-12-22,36840.41000000
N,NORTE,2010-12-23,3916.26333333
NE,NORDESTE,2010-12-23,8414.95041667
S,SUL,2010-12-23,9444.39541667
SE,SUDESTE,2010-12-23,35272.91541667
N,NORTE,2010-12-24,3747.80083333
NE,NORDESTE,2010-12-24,7883.24500000
S,SUL,2010-12-24,8109.90791667
SE,SUDESTE,2010-12-24,30631.67000000
N,NORTE,2010-12-25,3568.12041667
NE,NORDESTE,2010-12-25,6963.18875000
S,SUL,2010-12-25,6741.08125000
SE,SUDESTE,2010-12-25,26731.54458333
N,NORTE,2010-12-26,3677.75000000
NE,NORDESTE,2010-12-26,7056.81625000
S,SUL,2010-12-26,6937.61625000
SE,SUDESTE,2010-12-26,28504.30666667
N,NORTE,2010-12-27,3880.26583333
NE,NORDESTE,2010-12-27,8110.35500000
S,SUL,2010-12-27,8678.70875000
SE,SUDESTE,2010-12-27,33173.89208333
N,NORTE,2010-12-28,3938.03833333
NE,NORDESTE,2010-12-28,8170.23458333
S,SUL,2010-12-28,9007.62916667
SE,SUDESTE,2010-12-28,33108.35791667
N,NORTE,2010-12-29,3932.55750000
NE,NORDESTE,2010-12-29,8263.67791667
S,SUL,2010-12-29,8946.09416667
SE,SUDESTE,2010-12-29,32692.85916667
N,NORTE,2010-12-30,3876.06041667
NE,NORDESTE,2010-12-30,8152.74000000
S,SUL,2010-12-30,8762.38958333
SE,SUDESTE,2010-12-30,32380.39916667
N,NORTE,2010-12-31,3787.85166667
NE,NORDESTE,2010-12-31,7591.64291667
S,SUL,2010-12-31,7630.56291667
SE,SUDESTE,2010-12-31,28971.06291667
